{
    "displayName": "Atomic Fishbowl Source IP Lookup",
    "cssClasses": [
        "ip-src",
        "ip-dst",
        "orig_ip",
        "device-ip",
        "ip-addr",
        "alias-ip"
    ],
    "description": "",
    "type": "UAP.common.contextmenu.actions.URLContextAction",
    "version": "1",
    "modules": [
        "investigation"
    ],
    "local": "false",
    "groupName": "externalLookupGroup",
    "urlFormat": "https://localhost?op=adhoc&service=nw&ip={0}&side=src",
    "disabled": "",
    "id": "atomicFishbowlIpSrcAction",
    "moduleClasses": [
        "UAP.investigation.navigate.view.NavigationPanel",
        "UAP.investigation.events.view.EventGrid"
    ],
    "openInNewTab": "true"
}